Unnamed: 0,Best,Worst,Neutral,Net Score,Win Rate (%),Loss Rate (%),Neutral Rate (%),Total,Net Preference Score,Preference Share,Rejection Rate,Preference Ratio,Relative Score
Original,28,5,27,23,46.67,8.33,22.5,60,0.38333333333333336,0.4666666666666667,0.08333333333333333,5.599998880000224,0.696969696969697
Hierarchical,16,8,36,8,26.67,13.33,30.0,60,0.13333333333333333,0.26666666666666666,0.13333333333333333,1.9999997500000315,0.3333333333333333
NLI,12,17,31,-5,20.0,28.33,25.83,60,-0.08333333333333333,0.2,0.2833333333333333,0.7058823114186875,-0.1724137931034483
Fact,4,30,26,-26,6.67,50.0,21.67,60,-0.43333333333333335,0.06666666666666667,0.5,0.13333332888888902,-0.7647058823529411
